run_id,metal,model,pct_censored,picp95,joint_log_score,n_folds
F4-20260923,Co,censored GP,37.7193,0.9825,-1.7525,5
F4-20260923,Co,GP with L/2,37.7193,0.9825,-1.5173,5
F4-20260923,Sb,censored GP,76.3158,0.9912,-1.9505,5
F4-20260923,Sb,GP with L/2,76.3158,0.807,-2.5094,5
F4-20260923,Ag,censored GP,78.0702,0.9825,-1.3789,5
F4-20260923,Ag,GP with L/2,78.0702,0.8772,-1.4996,5
F4-20260923,Cd,censored GP,79.8246,0.9386,-1.833,5
F4-20260923,Cd,GP with L/2,79.8246,0.9211,-1.5005,5
F4-20260923,Bi,censored GP,84.2105,1.0,-1.317,5
F4-20260923,Bi,GP with L/2,84.2105,0.8947,-1.4141,5
F4-20260923,Ni,censored GP,92.9825,1.0,-1.4416,5
F4-20260923,Ni,GP with L/2,92.9825,0.9561,-0.765,5
