metal,family,run_id,pct_censored,sigma_tot_mean,sigma_tot_sd,rho_mean,rho_sd,eta_mean,eta_sd,sigma_n_mean,sigma_n_sd,beta0_mean,beta0_sd,ell0_mean,ell1_mean,rhat_max,ess_min,divergences,pc_U,pc_lambda,pc_mass_above_bound
Hg,default,F3-20260908,0.0,1.47719,0.18228,0.49846,0.1147,1.04612,0.23558,1.02818,0.09111,4.1061,0.40877,0.54306,1.88758,1.00893,242.41479,0,,,
Hg,pc,F3-20260908,0.0,1.51008,0.21529,0.49979,0.12599,1.07331,0.27965,1.04328,0.08971,4.11263,0.41799,0.55481,2.20735,1.01081,275.58451,0,3.0,1.53506,5e-05
Hg,vague,F3-20260908,0.0,1.61868,0.27855,0.55851,0.13168,1.22045,0.34658,1.03924,0.08992,4.07509,0.4285,0.59561,1.90734,1.02103,250.85822,2,,,
Pb,default,F3-20260908,0.0,1.58826,0.20297,0.71649,0.07543,1.34945,0.23289,0.82688,0.06913,6.12011,0.43418,0.39647,1.04148,1.00544,507.72084,0,,,
Pb,pc,F3-20260908,0.0,1.63876,0.25025,0.7249,0.08294,1.40265,0.28558,0.83304,0.07237,6.12813,0.44988,0.39726,1.09291,1.00497,536.92212,0,2.125,2.16714,5e-05
Pb,vague,F3-20260908,0.0,1.88994,0.37771,0.78806,0.07779,1.68941,0.41467,0.82681,0.06958,6.12704,0.49539,0.43169,1.22242,1.01129,388.53037,3,,,
As,default,F3-20260908,0.0,1.30542,0.2008,0.72737,0.08724,1.11951,0.23072,0.65911,0.0591,4.71479,0.38301,0.57222,0.728,1.00517,755.84903,0,,,
As,pc,F3-20260908,0.0,1.34458,0.24673,0.73326,0.09634,1.16018,0.28172,0.66319,0.0596,4.71758,0.40108,0.58837,0.73557,1.00279,705.33924,0,3.0,1.53506,5e-05
As,vague,F3-20260908,0.0,1.56473,0.35387,0.79861,0.0868,1.41047,0.38732,0.65629,0.05887,4.69858,0.44948,0.63816,0.86005,1.00803,375.19859,0,,,
Cd,default,F3-20260908,79.82456,1.95361,0.31168,0.57149,0.11672,1.48118,0.34303,1.25212,0.1853,1.13055,0.5801,0.55189,3.13826,1.0049,579.49668,0,,,
Cd,pc,F3-20260908,79.82456,2.44075,0.59012,0.63165,0.13496,1.95969,0.63758,1.41199,0.25475,1.3064,0.6431,0.59736,3.3724,1.00368,369.31125,0,3.25,1.41698,5e-05
Cd,vague,F3-20260908,79.82456,2.91165,0.71918,0.72213,0.12224,2.49948,0.77688,1.44055,0.26229,1.53362,0.66162,0.63497,3.31425,1.00642,496.71305,0,,,
