run_id,rep,eta,ell_0,ell_1,sigma_n,beta0,n_draws_total
F4-20260923,0,382,992,77,480,796,1000
F4-20260923,1,893,257,724,98,927,1000
F4-20260923,2,173,289,82,497,531,1000
F4-20260923,3,902,611,852,844,34,1000
F4-20260923,4,648,966,605,718,581,1000
F4-20260923,5,547,334,388,557,154,1000
F4-20260923,6,174,335,604,979,499,1000
F4-20260923,7,343,225,681,799,604,1000
F4-20260923,8,861,695,436,455,850,1000
F4-20260923,9,999,966,998,852,99,1000
F4-20260923,10,329,276,206,845,745,1000
F4-20260923,11,641,538,165,54,719,1000
F4-20260923,12,319,765,20,13,625,1000
F4-20260923,13,693,226,939,689,317,1000
F4-20260923,14,676,562,726,194,442,1000
F4-20260923,15,794,325,633,856,644,1000
F4-20260923,16,777,905,689,457,0,1000
F4-20260923,17,851,610,988,245,994,1000
F4-20260923,18,268,245,214,302,446,1000
F4-20260923,19,790,725,106,691,549,1000
F4-20260923,20,584,762,825,237,165,1000
F4-20260923,21,958,330,901,869,7,1000
F4-20260923,22,417,455,624,910,792,1000
F4-20260923,23,150,832,474,779,522,1000
F4-20260923,24,565,436,444,463,652,1000
F4-20260923,25,590,461,457,527,109,1000
F4-20260923,26,453,625,436,286,838,1000
F4-20260923,27,193,689,765,591,927,1000
F4-20260923,28,848,884,165,787,264,1000
F4-20260923,29,539,332,334,565,43,1000
F4-20260923,30,841,756,836,178,992,1000
F4-20260923,31,24,605,665,343,219,1000
F4-20260923,32,116,705,402,772,598,1000
F4-20260923,33,26,129,782,246,471,1000
F4-20260923,34,257,230,265,760,787,1000
F4-20260923,35,107,59,546,291,185,1000
F4-20260923,36,955,814,997,872,910,1000
F4-20260923,37,1000,678,938,13,346,1000
F4-20260923,38,72,967,115,590,844,1000
F4-20260923,39,367,498,357,717,908,1000
F4-20260923,40,775,507,969,988,2,1000
F4-20260923,41,851,40,593,713,589,1000
F4-20260923,42,487,654,783,512,985,1000
F4-20260923,43,983,63,481,732,928,1000
F4-20260923,44,902,869,865,340,391,1000
F4-20260923,45,302,998,276,805,247,1000
F4-20260923,46,915,512,961,539,770,1000
F4-20260923,47,807,76,770,586,241,1000
F4-20260923,48,912,516,465,457,830,1000
F4-20260923,49,593,215,71,478,886,1000
F4-20260923,50,523,937,42,299,601,1000
F4-20260923,51,81,104,144,402,242,1000
F4-20260923,52,503,106,555,216,190,1000
F4-20260923,53,992,845,865,405,776,1000
F4-20260923,54,707,687,86,61,876,1000
F4-20260923,55,61,407,456,333,339,1000
F4-20260923,56,900,899,535,819,995,1000
F4-20260923,57,922,827,518,48,971,1000
F4-20260923,58,815,415,462,905,593,1000
F4-20260923,59,582,273,777,368,791,1000
F4-20260923,60,241,491,715,308,558,1000
F4-20260923,61,281,452,699,402,555,1000
F4-20260923,62,415,335,401,316,705,1000
F4-20260923,63,598,13,938,139,92,1000
F4-20260923,64,256,232,26,455,300,1000
F4-20260923,65,30,180,34,870,600,1000
F4-20260923,66,549,529,756,51,926,1000
F4-20260923,67,39,709,196,358,348,1000
F4-20260923,68,326,484,336,412,129,1000
F4-20260923,69,469,637,487,274,481,1000
F4-20260923,70,680,942,682,526,959,1000
F4-20260923,71,273,289,263,422,611,1000
F4-20260923,72,202,838,810,79,799,1000
F4-20260923,73,150,677,639,87,795,1000
F4-20260923,74,311,304,596,607,744,1000
F4-20260923,75,908,631,150,131,701,1000
F4-20260923,76,275,161,361,706,855,1000
F4-20260923,77,84,531,96,650,805,1000
F4-20260923,78,359,303,797,765,867,1000
F4-20260923,79,336,766,137,694,287,1000
F4-20260923,80,785,602,916,765,154,1000
F4-20260923,81,756,883,998,971,969,1000
F4-20260923,82,272,332,464,892,551,1000
F4-20260923,83,322,798,655,925,432,1000
F4-20260923,84,783,703,315,632,972,1000
F4-20260923,85,224,598,62,281,472,1000
F4-20260923,86,382,175,170,406,460,1000
F4-20260923,87,17,271,182,988,528,1000
F4-20260923,88,699,293,891,460,927,1000
F4-20260923,89,454,36,436,535,114,1000
F4-20260923,90,576,83,128,565,721,1000
F4-20260923,91,280,443,943,428,362,1000
F4-20260923,92,874,214,890,719,467,1000
F4-20260923,93,654,875,410,55,26,1000
F4-20260923,94,383,502,993,569,441,1000
F4-20260923,95,166,383,16,181,119,1000
F4-20260923,96,214,416,440,777,728,1000
F4-20260923,97,908,970,983,138,945,1000
F4-20260923,98,310,951,854,186,915,1000
F4-20260923,99,305,511,744,587,426,1000
F4-20260923,100,9,211,64,19,370,1000
F4-20260923,101,386,125,229,877,870,1000
F4-20260923,102,165,662,463,278,466,1000
F4-20260923,103,778,463,268,182,159,1000
F4-20260923,104,916,611,847,575,964,1000
F4-20260923,105,842,454,892,640,693,1000
F4-20260923,106,11,920,43,575,847,1000
F4-20260923,107,213,563,571,859,576,1000
F4-20260923,108,67,155,392,390,409,1000
F4-20260923,109,621,300,831,481,113,1000
F4-20260923,110,538,716,655,899,589,1000
F4-20260923,111,134,644,354,365,567,1000
F4-20260923,112,908,891,339,361,873,1000
F4-20260923,113,321,554,2,645,483,1000
F4-20260923,114,500,392,790,440,792,1000
F4-20260923,115,818,587,172,761,728,1000
F4-20260923,116,477,10,161,71,88,1000
F4-20260923,117,920,978,944,840,983,1000
F4-20260923,118,911,693,630,501,286,1000
F4-20260923,119,87,493,923,956,899,1000
F4-20260923,120,87,992,934,214,417,1000
F4-20260923,121,165,648,365,304,394,1000
F4-20260923,122,593,332,489,625,587,1000
F4-20260923,123,556,705,563,657,25,1000
F4-20260923,124,903,863,889,314,515,1000
F4-20260923,125,710,684,871,890,104,1000
F4-20260923,126,63,344,137,885,760,1000
F4-20260923,127,650,325,944,986,106,1000
F4-20260923,128,288,239,938,19,618,1000
F4-20260923,129,593,594,764,451,272,1000
F4-20260923,130,492,600,858,526,858,1000
F4-20260923,131,802,520,589,873,144,1000
F4-20260923,132,346,144,521,552,101,1000
F4-20260923,133,828,501,821,243,267,1000
F4-20260923,134,749,259,287,659,841,1000
F4-20260923,135,439,688,597,935,971,1000
F4-20260923,136,766,152,318,334,956,1000
F4-20260923,137,255,925,618,252,692,1000
F4-20260923,138,680,449,990,388,618,1000
F4-20260923,139,483,680,909,317,802,1000
F4-20260923,140,322,385,798,424,70,1000
F4-20260923,141,74,373,136,218,701,1000
F4-20260923,142,523,792,984,944,942,1000
F4-20260923,143,931,272,611,398,815,1000
F4-20260923,144,646,208,968,356,606,1000
F4-20260923,145,79,214,179,250,220,1000
F4-20260923,146,382,625,693,100,239,1000
F4-20260923,147,639,202,908,387,1000,1000
F4-20260923,148,879,541,522,180,251,1000
F4-20260923,149,10,748,36,768,800,1000
F4-20260923,150,988,837,992,717,999,1000
F4-20260923,151,18,339,936,163,378,1000
F4-20260923,152,237,34,210,480,495,1000
F4-20260923,153,925,963,809,881,924,1000
F4-20260923,154,687,636,1,227,777,1000
F4-20260923,155,788,203,357,403,877,1000
F4-20260923,156,202,479,822,361,555,1000
F4-20260923,157,391,184,98,182,205,1000
F4-20260923,158,912,250,920,370,566,1000
F4-20260923,159,235,805,887,286,388,1000
F4-20260923,160,271,441,236,386,489,1000
F4-20260923,161,826,654,827,715,671,1000
F4-20260923,162,591,70,22,78,834,1000
F4-20260923,163,655,892,903,12,996,1000
F4-20260923,164,43,567,147,177,344,1000
F4-20260923,165,735,746,240,241,324,1000
F4-20260923,166,754,542,748,299,125,1000
F4-20260923,167,81,445,649,795,479,1000
F4-20260923,168,652,211,900,966,130,1000
F4-20260923,169,287,91,336,506,237,1000
F4-20260923,170,250,923,536,853,513,1000
F4-20260923,171,74,249,17,315,579,1000
F4-20260923,172,493,104,23,184,769,1000
F4-20260923,173,649,424,532,427,953,1000
F4-20260923,174,302,278,244,937,603,1000
F4-20260923,175,495,95,602,739,148,1000
F4-20260923,176,281,486,14,396,175,1000
F4-20260923,177,696,448,154,182,159,1000
F4-20260923,178,821,972,357,407,112,1000
F4-20260923,179,299,167,504,623,577,1000
F4-20260923,180,259,61,486,956,704,1000
F4-20260923,181,373,225,462,226,107,1000
F4-20260923,182,975,859,981,856,941,1000
F4-20260923,183,78,62,864,763,647,1000
F4-20260923,184,228,136,216,223,828,1000
F4-20260923,185,923,735,213,233,845,1000
F4-20260923,186,654,233,776,853,28,1000
F4-20260923,187,760,310,404,300,846,1000
F4-20260923,188,890,204,886,432,52,1000
F4-20260923,189,969,65,694,336,899,1000
F4-20260923,190,732,664,625,838,667,1000
F4-20260923,191,57,841,634,359,208,1000
F4-20260923,192,651,644,773,797,881,1000
F4-20260923,193,764,581,506,160,27,1000
F4-20260923,194,9,85,18,201,596,1000
F4-20260923,195,910,989,321,684,714,1000
F4-20260923,196,586,889,640,391,570,1000
F4-20260923,197,565,100,333,941,375,1000
F4-20260923,198,677,324,207,124,332,1000
F4-20260923,199,58,614,200,861,701,1000
