run_id,metal,model,slope,se,p_value,bias_at_20,bias_at_80,grows
F4-20260923,Hg,censored GP,0.70641,0.62282,0.26382,0.12364,0.55338,False
F4-20260923,Hg,GP with L/2,1.47309,0.62791,0.02429,-0.00591,0.90533,True
F4-20260923,Hg,ordinary kriging L/2,1.38849,0.79647,0.08937,0.16122,0.99064,False
F4-20260923,Pb,censored GP,1.4495,0.97546,0.14554,0.11402,1.01618,False
F4-20260923,Pb,GP with L/2,2.26924,1.03649,0.03478,-0.12707,1.27238,True
F4-20260923,Pb,ordinary kriging L/2,2.43783,1.24276,0.05716,0.10646,1.61019,False
F4-20260923,As,censored GP,0.55349,0.39905,0.17352,0.24974,0.57455,False
F4-20260923,As,GP with L/2,0.98378,0.36911,0.01123,0.11116,0.70712,True
F4-20260923,As,ordinary kriging L/2,1.07172,0.48248,0.03237,0.0331,0.66516,True
