metal,level,model,rmse,rmse_sd,mae,crps,crps_sd,picp95,width95,joint,n
As,0.2,GP with L/2,1.10825,0.25655,0.94597,0.65446,0.14854,0.98322,5.41362,-1.5507,10
As,0.2,censored GP,1.13721,0.27345,0.96048,0.67147,0.1659,0.9634,5.2837,-1.58379,10
As,0.2,ordinary kriging L/2,1.13044,0.32698,0.98567,0.68296,0.20292,0.96037,4.72119,-1.60348,10
As,0.4,GP with L/2,1.14669,0.23054,0.96066,0.67174,0.13835,0.97855,5.09584,-1.40425,10
As,0.4,censored GP,1.15186,0.26895,0.97264,0.67973,0.16184,0.96643,5.31622,-1.43318,10
As,0.4,ordinary kriging L/2,1.1591,0.33404,1.0154,0.70185,0.2124,0.94207,4.51031,-1.48341,10
As,0.6,GP with L/2,1.10232,0.25885,0.91521,0.64617,0.17421,0.92931,4.15325,-1.0842,10
As,0.6,censored GP,1.13966,0.28369,0.96719,0.67395,0.16734,0.97249,5.25319,-1.11821,10
As,0.6,ordinary kriging L/2,1.16365,0.28024,1.00204,0.71385,0.21513,0.84627,3.537,-1.19387,10
As,0.8,GP with L/2,1.21706,0.23729,1.00809,0.76449,0.21841,0.66011,2.54194,-0.60756,10
As,0.8,censored GP,1.21339,0.2697,1.00883,0.70615,0.18992,0.9528,4.73668,-0.66224,10
As,0.8,ordinary kriging L/2,1.24561,0.2591,1.04006,0.82102,0.26262,0.52345,2.12797,-0.69272,10
Hg,0.2,GP with L/2,1.55279,0.50509,1.37165,0.94504,0.33663,0.93035,5.88574,-1.78765,10
Hg,0.2,censored GP,1.50901,0.5214,1.32807,0.92367,0.34288,0.94848,6.08353,-1.774,10
Hg,0.2,ordinary kriging L/2,1.6136,0.6778,1.38298,1.01525,0.48381,0.87229,6.12363,-1.9258,10
Hg,0.4,GP with L/2,1.50631,0.50566,1.32727,0.92159,0.35474,0.88831,5.09233,-1.451,10
Hg,0.4,censored GP,1.57781,0.47272,1.37656,0.95448,0.33187,0.92814,6.052,-1.47528,10
Hg,0.4,ordinary kriging L/2,1.62228,0.7324,1.39196,1.01866,0.54032,0.82035,5.13384,-1.54351,10
Hg,0.6,GP with L/2,1.51,0.53721,1.30171,0.9545,0.42527,0.80496,3.99346,-1.13775,10
Hg,0.6,censored GP,1.57627,0.53525,1.36239,0.96797,0.40054,0.87451,5.411,-1.15983,10
Hg,0.6,ordinary kriging L/2,1.69226,0.8111,1.44981,1.09757,0.65609,0.70094,3.98808,-1.27752,10
Hg,0.8,GP with L/2,1.75246,0.63667,1.48696,1.21207,0.57293,0.47317,2.58886,-1.10614,10
Hg,0.8,censored GP,1.58747,0.61234,1.36622,0.99052,0.46765,0.83165,5.02692,-0.8047,10
Hg,0.8,ordinary kriging L/2,1.82907,0.87128,1.55284,1.26493,0.77178,0.47859,2.73375,-0.96987,10
Pb,0.2,GP with L/2,1.81085,0.56034,1.58635,1.09865,0.36173,0.88769,6.36566,-2.00243,10
Pb,0.2,censored GP,1.78574,0.51532,1.54634,1.07969,0.33607,0.91795,6.40188,-1.99023,10
Pb,0.2,ordinary kriging L/2,2.0025,0.70868,1.70701,1.22767,0.47735,0.88718,6.87547,-2.13587,10
Pb,0.4,GP with L/2,1.90105,0.59975,1.6587,1.18757,0.44785,0.80214,5.57657,-1.86687,10
Pb,0.4,censored GP,1.75951,0.52958,1.51482,1.05896,0.36462,0.88192,6.24568,-1.65132,10
Pb,0.4,ordinary kriging L/2,2.15871,0.91542,1.85193,1.38564,0.70305,0.73402,5.72091,-2.15499,10
Pb,0.6,GP with L/2,1.9232,0.62739,1.66698,1.23162,0.48878,0.72385,4.70906,-1.58388,10
Pb,0.6,censored GP,1.86044,0.64295,1.61894,1.13555,0.46179,0.86727,6.1575,-1.36276,10
Pb,0.6,ordinary kriging L/2,2.15254,0.92296,1.89136,1.43728,0.7492,0.6409,4.508,-2.03995,10
Pb,0.8,GP with L/2,2.09691,0.76562,1.81846,1.52921,0.64323,0.34053,2.3516,-2.10695,10
Pb,0.8,censored GP,1.98828,0.84438,1.73694,1.26597,0.64965,0.73839,5.10553,-0.66622,10
Pb,0.8,ordinary kriging L/2,2.33224,1.08349,2.05813,1.75276,0.98695,0.35235,2.44959,-1.88745,10
