run_id,analyte,obs,khat,censored
F3-20260908,Hg,0,0.4449,False
F3-20260908,Hg,1,0.2726,False
F3-20260908,Hg,2,0.2165,False
F3-20260908,Hg,3,0.303,False
F3-20260908,Hg,4,0.5929,False
F3-20260908,Hg,5,0.3824,False
F3-20260908,Hg,6,0.1605,False
F3-20260908,Hg,7,0.1377,False
F3-20260908,Hg,8,0.1749,False
F3-20260908,Hg,9,0.2543,False
F3-20260908,Hg,10,0.4935,False
F3-20260908,Hg,11,0.3383,False
F3-20260908,Hg,12,0.2741,False
F3-20260908,Hg,13,0.1604,False
F3-20260908,Hg,14,0.2915,False
F3-20260908,Hg,15,0.1406,False
F3-20260908,Hg,16,0.0035,False
F3-20260908,Hg,17,0.0819,False
F3-20260908,Hg,18,0.1852,False
F3-20260908,Hg,19,0.4739,False
F3-20260908,Hg,20,0.2512,False
F3-20260908,Hg,21,0.1723,False
F3-20260908,Hg,22,0.4771,False
F3-20260908,Hg,23,0.2541,False
F3-20260908,Hg,24,0.4154,False
F3-20260908,Hg,25,0.2667,False
F3-20260908,Hg,26,0.2816,False
F3-20260908,Hg,27,0.2782,False
F3-20260908,Hg,28,0.3563,False
F3-20260908,Hg,29,0.1673,False
F3-20260908,Hg,30,0.211,False
F3-20260908,Hg,31,0.0652,False
F3-20260908,Hg,32,0.3079,False
F3-20260908,Hg,33,0.1942,False
F3-20260908,Hg,34,0.2433,False
F3-20260908,Hg,35,0.2186,False
F3-20260908,Hg,36,0.334,False
F3-20260908,Hg,37,0.2166,False
F3-20260908,Hg,38,0.1037,False
F3-20260908,Hg,39,0.1231,False
F3-20260908,Hg,40,0.0449,False
F3-20260908,Hg,41,0.06,False
F3-20260908,Hg,42,0.1118,False
F3-20260908,Hg,43,-0.0185,False
F3-20260908,Hg,44,0.1968,False
F3-20260908,Hg,45,0.1428,False
F3-20260908,Hg,46,0.1807,False
F3-20260908,Hg,47,0.1777,False
F3-20260908,Hg,48,0.2275,False
F3-20260908,Hg,49,0.1916,False
F3-20260908,Hg,50,0.1917,False
F3-20260908,Hg,51,0.2383,False
F3-20260908,Hg,52,0.1312,False
F3-20260908,Hg,53,0.2131,False
F3-20260908,Hg,54,0.2195,False
F3-20260908,Hg,55,0.1315,False
F3-20260908,Hg,56,0.2031,False
F3-20260908,Hg,57,0.2258,False
F3-20260908,Hg,58,0.3264,False
F3-20260908,Hg,59,0.2261,False
F3-20260908,Hg,60,0.2689,False
F3-20260908,Hg,61,0.1441,False
F3-20260908,Hg,62,0.1634,False
F3-20260908,Hg,63,0.3472,False
F3-20260908,Hg,64,0.3644,False
F3-20260908,Hg,65,0.1518,False
F3-20260908,Hg,66,0.122,False
F3-20260908,Hg,67,0.1412,False
F3-20260908,Hg,68,0.2206,False
F3-20260908,Hg,69,0.1243,False
F3-20260908,Hg,70,0.5024,False
F3-20260908,Hg,71,0.4929,False
F3-20260908,Hg,72,0.2211,False
F3-20260908,Hg,73,0.4023,False
F3-20260908,Hg,74,0.2617,False
F3-20260908,Hg,75,0.4903,False
F3-20260908,Hg,76,0.6089,False
F3-20260908,Hg,77,0.4826,False
F3-20260908,Hg,78,0.2904,False
F3-20260908,Hg,79,0.2728,False
F3-20260908,Hg,80,0.1873,False
F3-20260908,Hg,81,0.1101,False
F3-20260908,Hg,82,0.2602,False
F3-20260908,Hg,83,0.2198,False
F3-20260908,Hg,84,0.1673,False
F3-20260908,Hg,85,0.1972,False
F3-20260908,Hg,86,0.191,False
F3-20260908,Hg,87,0.127,False
F3-20260908,Hg,88,0.2748,False
F3-20260908,Hg,89,0.1371,False
F3-20260908,Hg,90,0.2412,False
F3-20260908,Hg,91,0.2131,False
F3-20260908,Hg,92,0.1405,False
F3-20260908,Hg,93,0.3081,False
F3-20260908,Hg,94,0.3154,False
F3-20260908,Hg,95,0.1611,False
F3-20260908,Hg,96,0.3436,False
F3-20260908,Hg,97,0.2698,False
F3-20260908,Hg,98,0.1545,False
F3-20260908,Hg,99,0.0675,False
F3-20260908,Hg,100,0.4235,False
F3-20260908,Hg,101,0.1941,False
F3-20260908,Hg,102,0.0888,False
F3-20260908,Hg,103,0.1634,False
F3-20260908,Hg,104,0.2414,False
F3-20260908,Hg,105,0.3141,False
F3-20260908,Hg,106,0.2355,False
F3-20260908,Hg,107,0.2354,False
F3-20260908,Hg,108,0.2721,False
F3-20260908,Hg,109,0.3842,False
F3-20260908,Hg,110,0.3253,False
F3-20260908,Hg,111,0.7622,False
F3-20260908,Hg,112,0.7208,False
F3-20260908,Hg,113,0.9649,False
F3-20260908,Pb,0,0.1813,False
F3-20260908,Pb,1,0.1662,False
F3-20260908,Pb,2,0.2257,False
F3-20260908,Pb,3,0.2169,False
F3-20260908,Pb,4,0.1108,False
F3-20260908,Pb,5,0.1549,False
F3-20260908,Pb,6,0.1556,False
F3-20260908,Pb,7,0.2123,False
F3-20260908,Pb,8,0.1953,False
F3-20260908,Pb,9,0.191,False
F3-20260908,Pb,10,0.5313,False
F3-20260908,Pb,11,0.5127,False
F3-20260908,Pb,12,0.4455,False
F3-20260908,Pb,13,0.319,False
F3-20260908,Pb,14,0.1504,False
F3-20260908,Pb,15,0.2569,False
F3-20260908,Pb,16,0.3596,False
F3-20260908,Pb,17,0.2155,False
F3-20260908,Pb,18,0.2042,False
F3-20260908,Pb,19,0.6401,False
F3-20260908,Pb,20,0.4431,False
F3-20260908,Pb,21,0.5033,False
F3-20260908,Pb,22,0.8097,False
F3-20260908,Pb,23,0.2847,False
F3-20260908,Pb,24,0.2602,False
F3-20260908,Pb,25,0.2628,False
F3-20260908,Pb,26,0.2794,False
F3-20260908,Pb,27,0.3964,False
F3-20260908,Pb,28,0.3912,False
F3-20260908,Pb,29,0.2668,False
F3-20260908,Pb,30,0.1549,False
F3-20260908,Pb,31,0.1434,False
F3-20260908,Pb,32,0.196,False
F3-20260908,Pb,33,0.1487,False
F3-20260908,Pb,34,0.2435,False
F3-20260908,Pb,35,0.23,False
F3-20260908,Pb,36,0.1003,False
F3-20260908,Pb,37,0.2414,False
F3-20260908,Pb,38,0.1714,False
F3-20260908,Pb,39,0.1164,False
F3-20260908,Pb,40,0.2109,False
F3-20260908,Pb,41,0.241,False
F3-20260908,Pb,42,0.1082,False
F3-20260908,Pb,43,0.2877,False
F3-20260908,Pb,44,0.165,False
F3-20260908,Pb,45,0.1813,False
F3-20260908,Pb,46,0.2134,False
F3-20260908,Pb,47,0.3405,False
F3-20260908,Pb,48,0.0992,False
F3-20260908,Pb,49,0.2693,False
F3-20260908,Pb,50,0.273,False
F3-20260908,Pb,51,0.2765,False
F3-20260908,Pb,52,0.3263,False
F3-20260908,Pb,53,0.1616,False
F3-20260908,Pb,54,0.0972,False
F3-20260908,Pb,55,0.133,False
F3-20260908,Pb,56,0.3119,False
F3-20260908,Pb,57,0.2575,False
F3-20260908,Pb,58,0.4505,False
F3-20260908,Pb,59,0.3986,False
F3-20260908,Pb,60,0.2687,False
F3-20260908,Pb,61,0.0541,False
F3-20260908,Pb,62,0.3799,False
F3-20260908,Pb,63,0.2937,False
F3-20260908,Pb,64,0.1824,False
F3-20260908,Pb,65,0.1892,False
F3-20260908,Pb,66,0.1755,False
F3-20260908,Pb,67,0.0834,False
F3-20260908,Pb,68,0.1187,False
F3-20260908,Pb,69,0.2376,False
F3-20260908,Pb,70,0.5401,False
F3-20260908,Pb,71,0.402,False
F3-20260908,Pb,72,0.3683,False
F3-20260908,Pb,73,0.3247,False
F3-20260908,Pb,74,0.3511,False
F3-20260908,Pb,75,0.2351,False
F3-20260908,Pb,76,0.1934,False
F3-20260908,Pb,77,0.2103,False
F3-20260908,Pb,78,0.2154,False
F3-20260908,Pb,79,0.1597,False
F3-20260908,Pb,80,0.1772,False
F3-20260908,Pb,81,0.1845,False
F3-20260908,Pb,82,0.2388,False
F3-20260908,Pb,83,0.1547,False
F3-20260908,Pb,84,0.2338,False
F3-20260908,Pb,85,0.4309,False
F3-20260908,Pb,86,0.1616,False
F3-20260908,Pb,87,0.165,False
F3-20260908,Pb,88,0.2379,False
F3-20260908,Pb,89,0.4979,False
F3-20260908,Pb,90,0.1747,False
F3-20260908,Pb,91,0.1894,False
F3-20260908,Pb,92,0.1846,False
F3-20260908,Pb,93,0.0669,False
F3-20260908,Pb,94,0.1111,False
F3-20260908,Pb,95,0.2366,False
F3-20260908,Pb,96,0.2591,False
F3-20260908,Pb,97,0.2342,False
F3-20260908,Pb,98,0.2313,False
F3-20260908,Pb,99,0.2074,False
F3-20260908,Pb,100,0.2176,False
F3-20260908,Pb,101,0.0726,False
F3-20260908,Pb,102,0.1985,False
F3-20260908,Pb,103,0.1482,False
F3-20260908,Pb,104,0.0398,False
F3-20260908,Pb,105,0.4056,False
F3-20260908,Pb,106,0.347,False
F3-20260908,Pb,107,0.1276,False
F3-20260908,Pb,108,0.3361,False
F3-20260908,Pb,109,0.0553,False
F3-20260908,Pb,110,0.1374,False
F3-20260908,Pb,111,0.2998,False
F3-20260908,Pb,112,0.139,False
F3-20260908,Pb,113,0.3424,False
F3-20260908,As,0,0.1379,False
F3-20260908,As,1,0.1287,False
F3-20260908,As,2,0.1723,False
F3-20260908,As,3,0.33,False
F3-20260908,As,4,0.206,False
F3-20260908,As,5,0.2073,False
F3-20260908,As,6,0.339,False
F3-20260908,As,7,0.4253,False
F3-20260908,As,8,0.3456,False
F3-20260908,As,9,0.3376,False
F3-20260908,As,10,0.2505,False
F3-20260908,As,11,0.5178,False
F3-20260908,As,12,0.8387,False
F3-20260908,As,13,0.4965,False
F3-20260908,As,14,0.5746,False
F3-20260908,As,15,0.4013,False
F3-20260908,As,16,0.2599,False
F3-20260908,As,17,0.405,False
F3-20260908,As,18,0.3287,False
F3-20260908,As,19,0.42,False
F3-20260908,As,20,0.5683,False
F3-20260908,As,21,0.473,False
F3-20260908,As,22,0.4782,False
F3-20260908,As,23,0.4738,False
F3-20260908,As,24,0.4312,False
F3-20260908,As,25,0.5162,False
F3-20260908,As,26,0.3405,False
F3-20260908,As,27,0.5146,False
F3-20260908,As,28,0.2184,False
F3-20260908,As,29,0.2969,False
F3-20260908,As,30,0.1665,False
F3-20260908,As,31,0.2273,False
F3-20260908,As,32,0.1048,False
F3-20260908,As,33,0.1626,False
F3-20260908,As,34,0.184,False
F3-20260908,As,35,0.2603,False
F3-20260908,As,36,0.2431,False
F3-20260908,As,37,0.3758,False
F3-20260908,As,38,0.2183,False
F3-20260908,As,39,0.1095,False
F3-20260908,As,40,0.309,False
F3-20260908,As,41,0.3084,False
F3-20260908,As,42,0.3097,False
F3-20260908,As,43,0.0375,False
F3-20260908,As,44,0.1424,False
F3-20260908,As,45,0.2363,False
F3-20260908,As,46,0.1282,False
F3-20260908,As,47,0.2481,False
F3-20260908,As,48,0.2593,False
F3-20260908,As,49,0.2673,False
F3-20260908,As,50,0.0027,False
F3-20260908,As,51,0.3134,False
F3-20260908,As,52,0.1452,False
F3-20260908,As,53,0.2584,False
F3-20260908,As,54,0.2207,False
F3-20260908,As,55,0.1155,False
F3-20260908,As,56,0.6226,False
F3-20260908,As,57,0.3667,False
F3-20260908,As,58,0.3493,False
F3-20260908,As,59,0.3039,False
F3-20260908,As,60,0.1116,False
F3-20260908,As,61,0.188,False
F3-20260908,As,62,0.2205,False
F3-20260908,As,63,0.3536,False
F3-20260908,As,64,0.2861,False
F3-20260908,As,65,0.0756,False
F3-20260908,As,66,0.2019,False
F3-20260908,As,67,0.1568,False
F3-20260908,As,68,0.0545,False
F3-20260908,As,69,0.1748,False
F3-20260908,As,70,0.5147,False
F3-20260908,As,71,0.6626,False
F3-20260908,As,72,0.3236,False
F3-20260908,As,73,0.3161,False
F3-20260908,As,74,0.1699,False
F3-20260908,As,75,0.2791,False
F3-20260908,As,76,0.5382,False
F3-20260908,As,77,0.2706,False
F3-20260908,As,78,0.2161,False
F3-20260908,As,79,0.1794,False
F3-20260908,As,80,0.2065,False
F3-20260908,As,81,0.1068,False
F3-20260908,As,82,0.0621,False
F3-20260908,As,83,0.0803,False
F3-20260908,As,84,0.4352,False
F3-20260908,As,85,0.3189,False
F3-20260908,As,86,0.1663,False
F3-20260908,As,87,0.2144,False
F3-20260908,As,88,0.0132,False
F3-20260908,As,89,0.3479,False
F3-20260908,As,90,0.1489,False
F3-20260908,As,91,0.1893,False
F3-20260908,As,92,0.2376,False
F3-20260908,As,93,0.1128,False
F3-20260908,As,94,0.1112,False
F3-20260908,As,95,0.1978,False
F3-20260908,As,96,0.2081,False
F3-20260908,As,97,0.1312,False
F3-20260908,As,98,0.125,False
F3-20260908,As,99,0.2549,False
F3-20260908,As,100,0.4056,False
F3-20260908,As,101,0.5135,False
F3-20260908,As,102,0.1491,False
F3-20260908,As,103,0.2948,False
F3-20260908,As,104,0.1686,False
F3-20260908,As,105,0.1398,False
F3-20260908,As,106,0.1548,False
F3-20260908,As,107,0.273,False
F3-20260908,As,108,0.221,False
F3-20260908,As,109,0.1766,False
F3-20260908,As,110,0.3425,False
F3-20260908,As,111,0.3682,False
F3-20260908,As,112,0.0034,False
F3-20260908,As,113,0.4299,False
F3-20260908,Ba,0,0.3124,False
F3-20260908,Ba,1,0.326,False
F3-20260908,Ba,2,0.2934,False
F3-20260908,Ba,3,0.2479,False
F3-20260908,Ba,4,0.4444,False
F3-20260908,Ba,5,0.3208,False
F3-20260908,Ba,6,0.2527,False
F3-20260908,Ba,7,0.3169,False
F3-20260908,Ba,8,0.3236,False
F3-20260908,Ba,9,0.3095,False
F3-20260908,Ba,10,0.828,False
F3-20260908,Ba,11,0.6223,False
F3-20260908,Ba,12,0.5136,False
F3-20260908,Ba,13,0.2681,False
F3-20260908,Ba,14,0.3876,False
F3-20260908,Ba,15,0.4282,False
F3-20260908,Ba,16,0.1001,False
F3-20260908,Ba,17,0.099,False
F3-20260908,Ba,18,0.1899,False
F3-20260908,Ba,19,0.3244,False
F3-20260908,Ba,20,0.1345,False
F3-20260908,Ba,21,0.1072,False
F3-20260908,Ba,22,0.3029,False
F3-20260908,Ba,23,0.4762,False
F3-20260908,Ba,24,0.495,False
F3-20260908,Ba,25,0.4542,False
F3-20260908,Ba,26,0.5829,False
F3-20260908,Ba,27,0.5101,False
F3-20260908,Ba,28,0.4907,False
F3-20260908,Ba,29,0.2323,False
F3-20260908,Ba,30,0.2434,False
F3-20260908,Ba,31,0.2776,False
F3-20260908,Ba,32,0.1442,False
F3-20260908,Ba,33,0.1396,False
F3-20260908,Ba,34,0.1744,False
F3-20260908,Ba,35,0.1741,False
F3-20260908,Ba,36,0.1717,False
F3-20260908,Ba,37,0.2537,False
F3-20260908,Ba,38,0.3344,False
F3-20260908,Ba,39,0.119,False
F3-20260908,Ba,40,0.3155,False
F3-20260908,Ba,41,0.2264,False
F3-20260908,Ba,42,0.1911,False
F3-20260908,Ba,43,0.1253,False
F3-20260908,Ba,44,0.1625,False
F3-20260908,Ba,45,0.2852,False
F3-20260908,Ba,46,0.23,False
F3-20260908,Ba,47,0.2349,False
F3-20260908,Ba,48,0.1736,False
F3-20260908,Ba,49,0.0115,False
F3-20260908,Ba,50,0.2236,False
F3-20260908,Ba,51,0.2257,False
F3-20260908,Ba,52,0.3287,False
F3-20260908,Ba,53,0.2962,False
F3-20260908,Ba,54,0.0288,False
F3-20260908,Ba,55,0.2462,False
F3-20260908,Ba,56,0.3989,False
F3-20260908,Ba,57,0.411,False
F3-20260908,Ba,58,0.1963,False
F3-20260908,Ba,59,0.4023,False
F3-20260908,Ba,60,0.1372,False
F3-20260908,Ba,61,0.2127,False
F3-20260908,Ba,62,0.4033,False
F3-20260908,Ba,63,0.1369,False
F3-20260908,Ba,64,0.2055,False
F3-20260908,Ba,65,0.0955,False
F3-20260908,Ba,66,0.2236,False
F3-20260908,Ba,67,0.0735,False
F3-20260908,Ba,68,0.2048,False
F3-20260908,Ba,69,0.1861,False
F3-20260908,Ba,70,0.3207,False
F3-20260908,Ba,71,0.3794,False
F3-20260908,Ba,72,0.3582,False
F3-20260908,Ba,73,0.5945,False
F3-20260908,Ba,74,0.5165,False
F3-20260908,Ba,75,0.3711,False
F3-20260908,Ba,76,0.3936,False
F3-20260908,Ba,77,0.178,False
F3-20260908,Ba,78,0.3597,False
F3-20260908,Ba,79,0.1645,False
F3-20260908,Ba,80,0.2851,False
F3-20260908,Ba,81,0.2457,False
F3-20260908,Ba,82,0.1957,False
F3-20260908,Ba,83,0.1399,False
F3-20260908,Ba,84,0.3001,False
F3-20260908,Ba,85,0.2307,False
F3-20260908,Ba,86,0.2258,False
F3-20260908,Ba,87,0.2069,False
F3-20260908,Ba,88,0.1472,False
F3-20260908,Ba,89,0.1275,False
F3-20260908,Ba,90,0.2769,False
F3-20260908,Ba,91,0.2255,False
F3-20260908,Ba,92,0.1418,False
F3-20260908,Ba,93,0.1539,False
F3-20260908,Ba,94,0.3735,False
F3-20260908,Ba,95,0.2655,False
F3-20260908,Ba,96,0.3004,False
F3-20260908,Ba,97,0.1876,False
F3-20260908,Ba,98,0.1219,False
F3-20260908,Ba,99,0.2351,False
F3-20260908,Ba,100,0.4999,False
F3-20260908,Ba,101,0.1764,False
F3-20260908,Ba,102,0.4968,False
F3-20260908,Ba,103,0.4114,False
F3-20260908,Ba,104,0.1591,False
F3-20260908,Ba,105,0.3889,False
F3-20260908,Ba,106,0.534,False
F3-20260908,Ba,107,0.185,False
F3-20260908,Ba,108,0.2576,False
F3-20260908,Ba,109,0.1398,False
F3-20260908,Ba,110,0.2627,False
F3-20260908,Ba,111,0.2887,False
F3-20260908,Ba,112,0.3207,False
F3-20260908,Ba,113,0.3448,False
F3-20260908,Cd,0,0.7179,True
F3-20260908,Cd,1,0.7256,True
F3-20260908,Cd,2,0.6625,False
F3-20260908,Cd,3,0.5415,True
F3-20260908,Cd,4,0.4389,True
F3-20260908,Cd,5,0.4722,True
F3-20260908,Cd,6,0.2068,False
F3-20260908,Cd,7,0.1961,False
F3-20260908,Cd,8,0.1805,False
F3-20260908,Cd,9,0.408,False
F3-20260908,Cd,10,0.2589,False
F3-20260908,Cd,11,0.3323,False
F3-20260908,Cd,12,0.4609,False
F3-20260908,Cd,13,0.2468,False
F3-20260908,Cd,14,0.2944,False
F3-20260908,Cd,15,1.1448,True
F3-20260908,Cd,16,0.5096,True
F3-20260908,Cd,17,0.4275,True
F3-20260908,Cd,18,0.451,True
F3-20260908,Cd,19,0.5157,True
F3-20260908,Cd,20,0.4941,True
F3-20260908,Cd,21,0.8856,False
F3-20260908,Cd,22,0.4413,True
F3-20260908,Cd,23,0.4632,True
F3-20260908,Cd,24,0.4608,True
F3-20260908,Cd,25,0.5085,True
F3-20260908,Cd,26,0.455,True
F3-20260908,Cd,27,0.4679,False
F3-20260908,Cd,28,0.3465,True
F3-20260908,Cd,29,0.4328,True
F3-20260908,Cd,30,0.1729,False
F3-20260908,Cd,31,0.3905,True
F3-20260908,Cd,32,0.5672,True
F3-20260908,Cd,33,0.1093,True
F3-20260908,Cd,34,0.1811,False
F3-20260908,Cd,35,0.3431,True
F3-20260908,Cd,36,0.2963,True
F3-20260908,Cd,37,0.2141,True
F3-20260908,Cd,38,0.3428,True
F3-20260908,Cd,39,0.2555,True
F3-20260908,Cd,40,0.4534,True
F3-20260908,Cd,41,0.2674,True
F3-20260908,Cd,42,0.311,True
F3-20260908,Cd,43,0.4553,True
F3-20260908,Cd,44,0.365,True
F3-20260908,Cd,45,0.2957,True
F3-20260908,Cd,46,0.2404,True
F3-20260908,Cd,47,0.4986,True
F3-20260908,Cd,48,0.3257,True
F3-20260908,Cd,49,0.2663,False
F3-20260908,Cd,50,0.41,True
F3-20260908,Cd,51,0.4862,False
F3-20260908,Cd,52,0.4623,True
F3-20260908,Cd,53,0.476,True
F3-20260908,Cd,54,0.304,True
F3-20260908,Cd,55,0.1909,True
F3-20260908,Cd,56,0.6105,True
F3-20260908,Cd,57,0.5955,True
F3-20260908,Cd,58,0.3304,False
F3-20260908,Cd,59,0.2616,False
F3-20260908,Cd,60,0.4434,True
F3-20260908,Cd,61,0.3267,True
F3-20260908,Cd,62,0.6197,True
F3-20260908,Cd,63,0.1565,True
F3-20260908,Cd,64,0.5718,True
F3-20260908,Cd,65,0.2882,True
F3-20260908,Cd,66,0.3389,True
F3-20260908,Cd,67,0.3172,True
F3-20260908,Cd,68,0.3086,True
F3-20260908,Cd,69,0.3037,True
F3-20260908,Cd,70,0.4341,False
F3-20260908,Cd,71,0.3176,False
F3-20260908,Cd,72,0.2621,False
F3-20260908,Cd,73,0.3006,False
F3-20260908,Cd,74,0.2918,True
F3-20260908,Cd,75,0.3485,False
F3-20260908,Cd,76,0.3263,True
F3-20260908,Cd,77,0.378,True
F3-20260908,Cd,78,0.1586,True
F3-20260908,Cd,79,0.1532,True
F3-20260908,Cd,80,0.2335,True
F3-20260908,Cd,81,0.0928,True
F3-20260908,Cd,82,0.1871,True
F3-20260908,Cd,83,0.1005,True
F3-20260908,Cd,84,0.2316,True
F3-20260908,Cd,85,0.397,True
F3-20260908,Cd,86,0.0532,True
F3-20260908,Cd,87,0.0281,True
F3-20260908,Cd,88,0.1568,True
F3-20260908,Cd,89,0.3686,True
F3-20260908,Cd,90,0.0639,True
F3-20260908,Cd,91,0.3329,True
F3-20260908,Cd,92,0.057,True
F3-20260908,Cd,93,0.0694,True
F3-20260908,Cd,94,0.1946,True
F3-20260908,Cd,95,0.2946,True
F3-20260908,Cd,96,0.0655,True
F3-20260908,Cd,97,0.1879,True
F3-20260908,Cd,98,0.1609,True
F3-20260908,Cd,99,0.0393,True
F3-20260908,Cd,100,0.325,True
F3-20260908,Cd,101,0.1005,True
F3-20260908,Cd,102,0.0957,True
F3-20260908,Cd,103,0.2888,True
F3-20260908,Cd,104,0.17,True
F3-20260908,Cd,105,0.1229,True
F3-20260908,Cd,106,0.1872,True
F3-20260908,Cd,107,0.1125,True
F3-20260908,Cd,108,0.069,True
F3-20260908,Cd,109,0.0942,True
F3-20260908,Cd,110,0.1583,True
F3-20260908,Cd,111,0.1095,True
F3-20260908,Cd,112,0.1992,True
F3-20260908,Cd,113,0.3214,True
