metal,level,picp95|GP with L/2,picp95|censored GP,picp95|ordinary kriging L/2,width95|GP with L/2,width95|censored GP,width95|ordinary kriging L/2
As,0.2,0.983,0.963,0.96,5.414,5.284,4.721
As,0.4,0.979,0.966,0.942,5.096,5.316,4.51
As,0.6,0.929,0.972,0.846,4.153,5.253,3.537
As,0.8,0.66,0.953,0.523,2.542,4.737,2.128
Hg,0.2,0.93,0.948,0.872,5.886,6.084,6.124
Hg,0.4,0.888,0.928,0.82,5.092,6.052,5.134
Hg,0.6,0.805,0.875,0.701,3.993,5.411,3.988
Hg,0.8,0.473,0.832,0.479,2.589,5.027,2.734
Pb,0.2,0.888,0.918,0.887,6.366,6.402,6.875
Pb,0.4,0.802,0.882,0.734,5.577,6.246,5.721
Pb,0.6,0.724,0.867,0.641,4.709,6.157,4.508
Pb,0.8,0.341,0.738,0.352,2.352,5.106,2.45
