analyte,parameter,prior_width95,posterior_width95,width_ratio,identified
Hg,ell,4.7234,0.8266,0.175,True
Hg,sigma_tot,2.2036,0.7005,0.3179,True
Hg,rho,0.8092,0.4464,0.5516,True
Hg,b_background,3.904,1.4435,0.3697,True
Hg,log_tau,1.952,0.6328,0.3242,True
Pb,ell,4.7234,0.4388,0.0929,True
Pb,sigma_tot,2.2036,0.8164,0.3705,True
Pb,rho,0.8092,0.2975,0.3676,True
Pb,b_background,3.904,1.3581,0.3479,True
Pb,log_tau,1.952,0.6958,0.3565,True
As,ell,4.7234,0.763,0.1615,True
As,sigma_tot,2.2036,0.7866,0.3569,True
As,rho,0.8092,0.3341,0.4128,True
As,b_background,3.904,1.2216,0.3129,True
As,log_tau,1.952,0.6707,0.3436,True
Ba,ell,4.7234,0.5186,0.1098,True
Ba,sigma_tot,2.2036,0.7571,0.3436,True
Ba,rho,0.8092,0.268,0.3311,True
Ba,b_background,3.904,1.1637,0.2981,True
Ba,log_tau,1.952,0.6369,0.3263,True
Cd,ell,4.7234,0.959,0.203,True
Cd,sigma_tot,2.2036,1.2327,0.5594,True
Cd,rho,0.8092,0.47,0.5808,True
Cd,b_background,3.904,1.7469,0.4475,True
Cd,log_tau,1.952,1.6291,0.8346,False
