n_new_points,mean_posterior_sd,reduction_pct,marginal_reduction_pct
0,0.63407,0.0,
1,0.61197,3.48614,3.48614
2,0.59991,5.38727,1.90113
3,0.5884,7.20351,1.81624
4,0.57849,8.76653,1.56302
5,0.57011,10.08664,1.32011
6,0.56267,11.2607,1.17406
7,0.55655,12.22662,0.96592
8,0.5506,13.16385,0.93723
9,0.54506,14.03745,0.8736
10,0.53982,14.86477,0.82732
11,0.53493,15.63579,0.77102
12,0.53017,16.38686,0.75108
13,0.52543,17.13334,0.74648
14,0.52111,17.81568,0.68234
15,0.51695,18.47105,0.65537
16,0.51293,19.10561,0.63456
17,0.50896,19.73132,0.6257
18,0.50536,20.29913,0.56782
19,0.50183,20.85641,0.55728
20,0.49836,21.40355,0.54714
