run_id,figure,width_mm,height_mm,type3,run_id_in_pdf,width_ok
F4-20260923,FIG10_As_difference,140.0,119.0,False,False,True
F4-20260923,FIG10_Hg_difference,140.0,119.0,False,False,True
F4-20260923,FIG10_Pb_difference,140.0,119.0,False,False,True
F4-20260923,FIG11_interval_coverage,190.0,62.0,False,False,True
F4-20260923,FIG12_cross_validation,190.0,68.4,False,False,True
F4-20260923,FIG13_background_and_city,190.0,68.4,False,False,True
F4-20260923,FIG14_monitoring_design,190.0,76.0,False,False,True
F4-20260923,FIG15_lmc_cross_correlation,190.0,64.6,False,False,True
F4-20260923,FIG16_site_map_versionA_basemap,140.0,182.0,False,True,True
F4-20260923,FIG16_site_map_versionB_offline,140.0,182.0,False,True,True
F4-20260923,FIG16_site_map_versionC_osm,140.0,161.0,False,False,True
F4-20260923,FIG17_As_mean_and_uncertainty,190.0,117.8,False,True,True
F4-20260923,FIG17_Ba_mean_and_uncertainty,190.0,117.8,False,True,True
F4-20260923,FIG17_Cd_mean_and_uncertainty,190.0,117.8,False,True,True
F4-20260923,FIG17_Hg_mean_and_uncertainty,190.0,117.8,False,True,True
F4-20260923,FIG17_Pb_mean_and_uncertainty,190.0,117.8,False,True,True
F4-20260923,FIG18_As_exceedance,140.0,179.2,False,True,True
F4-20260923,FIG18_Ba_exceedance,140.0,179.2,False,True,True
F4-20260923,FIG18_Cd_exceedance,140.0,179.2,False,True,True
F4-20260923,FIG18_Cd_exceedance_residential,140.0,179.2,False,True,True
F4-20260923,FIG18_Hg_exceedance,140.0,179.2,False,True,True
F4-20260923,FIG18_Pb_exceedance,140.0,179.2,False,True,True
F4-20260923,FIG19_substitution_bias,140.0,86.8,False,True,True
F4-20260923,FIG1_sampling_design_and_mercury,140.0,147.0,False,False,True
F4-20260923,FIG20_decision_thresholds,190.0,79.8,False,False,True
F4-20260923,FIG21_prior_sensitivity,190.0,76.0,False,True,True
F4-20260923,FIG22_exceedance_grid,190.0,133.0,False,True,True
F4-20260923,FIG23_red_bayesiana,190.0,98.8,False,True,True
F4-20260923,FIG25_mezcla_poblaciones,190.0,87.4,False,True,True
F4-20260923,FIG26_gradiente_real_vs_impuesto,140.0,92.4,False,True,True
F4-20260923,FIG27_censura_espacial,190.0,98.8,False,True,True
F4-20260923,FIG28_coverage_three_models,140.0,100.8,False,True,True
F4-20260923,FIG29_trazas_no_convergencia,190.0,79.8,False,True,True
F4-20260923,FIG2_As_log_distribution,90.0,64.8,False,False,True
F4-20260923,FIG2_Ba_log_distribution,90.0,64.8,False,False,True
F4-20260923,FIG2_Cd_log_distribution,90.0,64.8,False,False,True
F4-20260923,FIG2_Hg_log_distribution,90.0,64.8,False,False,True
F4-20260923,FIG2_Pb_log_distribution,90.0,64.8,False,False,True
F4-20260923,FIG2_Sb_log_distribution,90.0,64.8,False,False,True
F4-20260923,FIG30_plate_diagram,190.0,114.0,False,True,True
F4-20260923,FIG31_preferencial_restringido,140.0,70.0,False,True,True
F4-20260923,FIG32_hsgp_test,140.0,77.0,False,True,True
F4-20260923,FIG33_mezcla_censurada_componentes,140.0,77.0,False,True,True
F4-20260923,FIG34_cd_coregionalizado_gonogo,140.0,77.0,False,True,True
F4-20260923,FIG35_sbc_ranks,140.0,70.0,False,True,True
F4-20260923,FIG36_anisotropy_check,140.0,77.0,False,True,True
F4-20260923,FIG3_As_qq,90.0,76.5,False,False,True
F4-20260923,FIG3_Hg_qq,90.0,76.5,False,False,True
F4-20260923,FIG3_Pb_qq,90.0,76.5,False,False,True
F4-20260923,FIG4_variograms,190.0,64.6,False,False,True
F4-20260923,FIG5a_prior_length_scale,90.0,70.2,False,False,True
F4-20260923,FIG5b_prior_predictive_concentrations,190.0,79.8,False,False,True
F4-20260923,FIG6_parameter_recovery,190.0,68.4,False,False,True
F4-20260923,FIG7_stratum_support,190.0,68.4,False,False,True
F4-20260923,FIG8_prior_posterior,190.0,64.6,False,False,True
F4-20260923,FIG9_As_crps,90.0,72.0,False,True,True
F4-20260923,FIG9_Hg_crps,90.0,72.0,False,True,True
F4-20260923,FIG9_Pb_crps,90.0,72.0,False,True,True
