run_id,metal,level,model,mean,sd,n,se
F4-20260923,As,0.2,GP with L/2,0.11116,0.56866,10,0.17983
F4-20260923,As,0.2,censored GP,0.24974,0.58788,10,0.1859
F4-20260923,As,0.2,ordinary kriging L/2,0.0331,0.72172,10,0.22823
F4-20260923,As,0.4,GP with L/2,0.07804,0.58351,10,0.18452
F4-20260923,As,0.4,censored GP,0.27163,0.6104,10,0.19303
F4-20260923,As,0.4,ordinary kriging L/2,-0.0058,0.76266,10,0.24117
F4-20260923,As,0.6,GP with L/2,0.25774,0.50505,10,0.15971
F4-20260923,As,0.6,censored GP,0.40418,0.57834,10,0.18289
F4-20260923,As,0.6,ordinary kriging L/2,0.24146,0.70801,10,0.22389
F4-20260923,As,0.8,GP with L/2,0.70712,0.4083,10,0.12912
F4-20260923,As,0.8,censored GP,0.57455,0.53445,10,0.16901
F4-20260923,As,0.8,ordinary kriging L/2,0.66516,0.54936,10,0.17372
F4-20260923,Hg,0.2,GP with L/2,-0.00591,0.99101,10,0.31339
F4-20260923,Hg,0.2,censored GP,0.12364,0.92274,10,0.2918
F4-20260923,Hg,0.2,ordinary kriging L/2,0.16122,1.15268,10,0.36451
F4-20260923,Hg,0.4,GP with L/2,0.19321,0.86279,10,0.27284
F4-20260923,Hg,0.4,censored GP,0.34465,0.8951,10,0.28306
F4-20260923,Hg,0.4,ordinary kriging L/2,0.31623,1.1422,10,0.36119
F4-20260923,Hg,0.6,GP with L/2,0.40568,0.79875,10,0.25259
F4-20260923,Hg,0.6,censored GP,0.46823,0.86455,10,0.27339
F4-20260923,Hg,0.6,ordinary kriging L/2,0.60494,1.17186,10,0.37058
F4-20260923,Hg,0.8,GP with L/2,0.90533,0.96729,10,0.30588
F4-20260923,Hg,0.8,censored GP,0.55338,0.93288,10,0.295
F4-20260923,Hg,0.8,ordinary kriging L/2,0.99064,1.15562,10,0.36544
F4-20260923,Pb,0.2,GP with L/2,-0.12707,1.46899,10,0.46454
F4-20260923,Pb,0.2,censored GP,0.11402,1.42813,10,0.45161
F4-20260923,Pb,0.2,ordinary kriging L/2,0.10646,1.72646,10,0.54596
F4-20260923,Pb,0.4,GP with L/2,0.0383,1.5986,10,0.50552
F4-20260923,Pb,0.4,censored GP,0.35408,1.36049,10,0.43023
F4-20260923,Pb,0.4,ordinary kriging L/2,0.22869,1.97965,10,0.62602
F4-20260923,Pb,0.6,GP with L/2,0.37845,1.56495,10,0.49488
F4-20260923,Pb,0.6,censored GP,0.54658,1.4462,10,0.45733
F4-20260923,Pb,0.6,ordinary kriging L/2,0.59317,1.88988,10,0.59763
F4-20260923,Pb,0.8,GP with L/2,1.27238,1.3244,10,0.41881
F4-20260923,Pb,0.8,censored GP,1.01618,1.42567,10,0.45084
F4-20260923,Pb,0.8,ordinary kriging L/2,1.61019,1.52938,10,0.48363
