lag_km,gamma,n_pairs,analyte,azimuth,lag_scheme
0.1119,1.1958,170,Hg,0,naive
0.3356,1.2699,169,Hg,0,naive
0.5593,1.1699,120,Hg,0,naive
0.783,1.601,83,Hg,0,naive
1.0067,1.2054,49,Hg,0,naive
1.2304,1.6695,51,Hg,0,naive
1.4541,1.8326,73,Hg,0,naive
1.6778,2.1848,108,Hg,0,naive
1.9016,1.4483,34,Hg,0,naive
2.1253,2.5674,10,Hg,0,naive
2.349,1.118,2,Hg,0,naive
2.5727,3.9037,92,Hg,0,naive
0.074,1.2835,120,Hg,0,comparable
0.222,1.1778,101,Hg,0,comparable
0.37,1.2166,115,Hg,0,comparable
0.518,1.0561,69,Hg,0,comparable
0.666,1.443,76,Hg,0,comparable
0.814,1.585,55,Hg,0,comparable
0.962,1.1528,51,Hg,0,comparable
1.11,2.1676,22,Hg,0,comparable
0.1119,0.5608,102,Hg,45,naive
0.3356,0.989,61,Hg,45,naive
0.5593,1.8838,65,Hg,45,naive
0.783,2.1524,62,Hg,45,naive
1.0067,2.3577,133,Hg,45,naive
1.2304,3.5323,188,Hg,45,naive
1.4541,4.0725,264,Hg,45,naive
1.6778,2.1579,227,Hg,45,naive
1.9016,1.8061,41,Hg,45,naive
2.1253,1.5522,25,Hg,45,naive
2.349,1.5159,33,Hg,45,naive
2.5727,,0,Hg,45,naive
0.074,0.7217,71,Hg,45,comparable
0.222,0.3297,60,Hg,45,comparable
0.37,1.106,31,Hg,45,comparable
0.518,2.1434,58,Hg,45,comparable
0.666,1.2811,9,Hg,45,comparable
0.814,2.1451,53,Hg,45,comparable
0.962,2.5351,109,Hg,45,comparable
1.11,2.9088,125,Hg,45,comparable
0.1119,0.9418,68,Hg,90,naive
0.3356,3.6692,32,Hg,90,naive
0.5593,4.7798,16,Hg,90,naive
0.783,2.5023,237,Hg,90,naive
1.0067,2.0142,114,Hg,90,naive
1.2304,1.4487,48,Hg,90,naive
1.4541,2.9735,84,Hg,90,naive
1.6778,1.0097,42,Hg,90,naive
1.9016,0.9579,43,Hg,90,naive
2.1253,2.0021,25,Hg,90,naive
2.349,2.3682,9,Hg,90,naive
2.5727,,0,Hg,90,naive
0.074,0.8892,59,Hg,90,comparable
0.222,2.3785,17,Hg,90,comparable
0.37,3.6901,24,Hg,90,comparable
0.518,4.6861,6,Hg,90,comparable
0.666,2.911,63,Hg,90,comparable
0.814,2.5005,177,Hg,90,comparable
0.962,1.6287,76,Hg,90,comparable
1.11,2.1945,66,Hg,90,comparable
0.1119,1.6457,105,Hg,135,naive
0.3356,2.4391,54,Hg,135,naive
0.5593,4.229,29,Hg,135,naive
0.783,1.7881,56,Hg,135,naive
1.0067,2.4111,103,Hg,135,naive
1.2304,2.0603,67,Hg,135,naive
1.4541,1.7682,28,Hg,135,naive
1.6778,3.614,3,Hg,135,naive
1.9016,1.5285,7,Hg,135,naive
2.1253,9.5507,24,Hg,135,naive
2.349,8.4685,48,Hg,135,naive
2.5727,6.4659,74,Hg,135,naive
0.074,1.4338,69,Hg,135,comparable
0.222,2.0278,51,Hg,135,comparable
0.37,2.6194,39,Hg,135,comparable
0.518,4.4906,16,Hg,135,comparable
0.666,2.2477,43,Hg,135,comparable
0.814,2.0874,26,Hg,135,comparable
0.962,1.7714,61,Hg,135,comparable
1.11,2.8955,55,Hg,135,comparable
0.1119,0.6326,170,Pb,0,naive
0.3356,0.4924,169,Pb,0,naive
0.5593,2.2929,120,Pb,0,naive
0.783,0.9297,83,Pb,0,naive
1.0067,1.4009,49,Pb,0,naive
1.2304,2.1234,51,Pb,0,naive
1.4541,3.4175,73,Pb,0,naive
1.6778,2.62,108,Pb,0,naive
1.9016,3.5334,34,Pb,0,naive
2.1253,1.8207,10,Pb,0,naive
2.349,2.3104,2,Pb,0,naive
2.5727,2.2499,92,Pb,0,naive
0.074,0.7548,120,Pb,0,comparable
0.222,0.4529,101,Pb,0,comparable
0.37,0.4652,115,Pb,0,comparable
0.518,1.4068,69,Pb,0,comparable
0.666,2.592,76,Pb,0,comparable
0.814,0.8684,55,Pb,0,comparable
0.962,1.4246,51,Pb,0,comparable
1.11,2.0238,22,Pb,0,comparable
0.1119,0.3013,102,Pb,45,naive
0.3356,4.882,61,Pb,45,naive
0.5593,6.8137,65,Pb,45,naive
0.783,0.7188,62,Pb,45,naive
1.0067,0.9398,133,Pb,45,naive
1.2304,6.1231,188,Pb,45,naive
1.4541,9.2262,264,Pb,45,naive
1.6778,5.8427,227,Pb,45,naive
1.9016,4.1916,41,Pb,45,naive
2.1253,1.9291,25,Pb,45,naive
2.349,2.093,33,Pb,45,naive
2.5727,,0,Pb,45,naive
0.074,0.3157,71,Pb,45,comparable
0.222,1.178,60,Pb,45,comparable
0.37,7.3298,31,Pb,45,comparable
0.518,7.3975,58,Pb,45,comparable
0.666,2.5332,9,Pb,45,comparable
0.814,0.6149,53,Pb,45,comparable
0.962,1.0074,109,Pb,45,comparable
1.11,3.7886,125,Pb,45,comparable
0.1119,0.4881,68,Pb,90,naive
0.3356,2.1926,32,Pb,90,naive
0.5593,1.805,16,Pb,90,naive
0.783,1.8743,237,Pb,90,naive
1.0067,2.3746,114,Pb,90,naive
1.2304,2.1435,48,Pb,90,naive
1.4541,2.8772,84,Pb,90,naive
1.6778,6.0296,42,Pb,90,naive
1.9016,4.4839,43,Pb,90,naive
2.1253,2.465,25,Pb,90,naive
2.349,3.053,9,Pb,90,naive
2.5727,,0,Pb,90,naive
0.074,0.3912,59,Pb,90,comparable
0.222,1.6154,17,Pb,90,comparable
0.37,2.2005,24,Pb,90,comparable
0.518,2.359,6,Pb,90,comparable
0.666,1.482,63,Pb,90,comparable
0.814,1.973,177,Pb,90,comparable
0.962,1.7101,76,Pb,90,comparable
1.11,3.2003,66,Pb,90,comparable
0.1119,0.8799,105,Pb,135,naive
0.3356,1.0572,54,Pb,135,naive
0.5593,1.541,29,Pb,135,naive
0.783,3.0854,56,Pb,135,naive
1.0067,2.3203,103,Pb,135,naive
1.2304,2.2183,67,Pb,135,naive
1.4541,2.5448,28,Pb,135,naive
1.6778,6.2931,3,Pb,135,naive
1.9016,1.2922,7,Pb,135,naive
2.1253,2.3376,24,Pb,135,naive
2.349,3.8499,48,Pb,135,naive
2.5727,2.9205,74,Pb,135,naive
0.074,0.8355,69,Pb,135,comparable
0.222,1.0207,51,Pb,135,comparable
0.37,1.0198,39,Pb,135,comparable
0.518,0.6625,16,Pb,135,comparable
0.666,2.2112,43,Pb,135,comparable
0.814,4.2996,26,Pb,135,comparable
0.962,2.0219,61,Pb,135,comparable
1.11,2.6188,55,Pb,135,comparable
0.1119,0.3483,170,As,0,naive
0.3356,0.5054,169,As,0,naive
0.5593,1.7179,120,As,0,naive
0.783,0.4505,83,As,0,naive
1.0067,0.4808,49,As,0,naive
1.2304,1.1069,51,As,0,naive
1.4541,0.8293,73,As,0,naive
1.6778,0.5951,108,As,0,naive
1.9016,0.8161,34,As,0,naive
2.1253,0.4399,10,As,0,naive
2.349,0.2887,2,As,0,naive
2.5727,1.3062,92,As,0,naive
0.074,0.3769,120,As,0,comparable
0.222,0.5313,101,As,0,comparable
0.37,0.3892,115,As,0,comparable
0.518,0.9705,69,As,0,comparable
0.666,2.0516,76,As,0,comparable
0.814,0.3564,55,As,0,comparable
0.962,0.4538,51,As,0,comparable
1.11,1.3521,22,As,0,comparable
0.1119,0.2121,102,As,45,naive
0.3356,1.5763,61,As,45,naive
0.5593,2.6542,65,As,45,naive
0.783,0.2047,62,As,45,naive
1.0067,0.8065,133,As,45,naive
1.2304,1.8046,188,As,45,naive
1.4541,2.7511,264,As,45,naive
1.6778,1.5047,227,As,45,naive
1.9016,1.4851,41,As,45,naive
2.1253,0.6748,25,As,45,naive
2.349,0.7284,33,As,45,naive
2.5727,,0,As,45,naive
0.074,0.2259,71,As,45,comparable
0.222,0.6896,60,As,45,comparable
0.37,1.8763,31,As,45,comparable
0.518,2.8958,58,As,45,comparable
0.666,0.7668,9,As,45,comparable
0.814,0.163,53,As,45,comparable
0.962,0.8038,109,As,45,comparable
1.11,1.5409,125,As,45,comparable
0.1119,0.2947,68,As,90,naive
0.3356,1.8751,32,As,90,naive
0.5593,0.8448,16,As,90,naive
0.783,1.05,237,As,90,naive
1.0067,1.3116,114,As,90,naive
1.2304,0.8387,48,As,90,naive
1.4541,0.8187,84,As,90,naive
1.6778,2.757,42,As,90,naive
1.9016,0.5873,43,As,90,naive
2.1253,0.9637,25,As,90,naive
2.349,0.937,9,As,90,naive
2.5727,,0,As,90,naive
0.074,0.3005,59,As,90,comparable
0.222,0.3008,17,As,90,comparable
0.37,2.3834,24,As,90,comparable
0.518,0.7863,6,As,90,comparable
0.666,0.8814,63,As,90,comparable
0.814,1.1145,177,As,90,comparable
0.962,0.6898,76,As,90,comparable
1.11,1.7913,66,As,90,comparable
0.1119,0.3364,105,As,135,naive
0.3356,0.5568,54,As,135,naive
0.5593,1.3455,29,As,135,naive
0.783,3.0231,56,As,135,naive
1.0067,2.2426,103,As,135,naive
1.2304,1.3734,67,As,135,naive
1.4541,0.2723,28,As,135,naive
1.6778,4.014,3,As,135,naive
1.9016,1.041,7,As,135,naive
2.1253,1.6313,24,As,135,naive
2.349,0.9594,48,As,135,naive
2.5727,0.8227,74,As,135,naive
0.074,0.3105,69,As,135,comparable
0.222,0.4121,51,As,135,comparable
0.37,0.5882,39,As,135,comparable
0.518,0.6397,16,As,135,comparable
0.666,2.6535,43,As,135,comparable
0.814,3.2299,26,As,135,comparable
0.962,2.2508,61,As,135,comparable
1.11,2.181,55,As,135,comparable
0.1119,0.2312,170,Ba,0,naive
0.3356,0.3405,169,Ba,0,naive
0.5593,1.166,120,Ba,0,naive
0.783,0.2944,83,Ba,0,naive
1.0067,0.7043,49,Ba,0,naive
1.2304,0.7485,51,Ba,0,naive
1.4541,0.6954,73,Ba,0,naive
1.6778,0.671,108,Ba,0,naive
1.9016,1.0872,34,Ba,0,naive
2.1253,0.5121,10,Ba,0,naive
2.349,0.0585,2,Ba,0,naive
2.5727,0.655,92,Ba,0,naive
0.074,0.2054,120,Ba,0,comparable
0.222,0.3524,101,Ba,0,comparable
0.37,0.3083,115,Ba,0,comparable
0.518,0.8593,69,Ba,0,comparable
0.666,1.1951,76,Ba,0,comparable
0.814,0.2738,55,Ba,0,comparable
0.962,0.5592,51,Ba,0,comparable
1.11,1.6064,22,Ba,0,comparable
0.1119,0.2384,102,Ba,45,naive
0.3356,1.7546,61,Ba,45,naive
0.5593,2.9259,65,Ba,45,naive
0.783,0.4363,62,Ba,45,naive
1.0067,1.2451,133,Ba,45,naive
1.2304,4.2534,188,Ba,45,naive
1.4541,5.8763,264,Ba,45,naive
1.6778,3.3369,227,Ba,45,naive
1.9016,2.1903,41,Ba,45,naive
2.1253,0.5944,25,Ba,45,naive
2.349,0.7751,33,Ba,45,naive
2.5727,,0,Ba,45,naive
0.074,0.2338,71,Ba,45,comparable
0.222,0.6251,60,Ba,45,comparable
0.37,2.3867,31,Ba,45,comparable
0.518,3.2711,58,Ba,45,comparable
0.666,0.4138,9,Ba,45,comparable
0.814,0.4721,53,Ba,45,comparable
0.962,1.1391,109,Ba,45,comparable
1.11,3.3645,125,Ba,45,comparable
0.1119,0.2958,68,Ba,90,naive
0.3356,3.0909,32,Ba,90,naive
0.5593,2.0657,16,Ba,90,naive
0.783,0.6729,237,Ba,90,naive
1.0067,1.5073,114,Ba,90,naive
1.2304,1.1651,48,Ba,90,naive
1.4541,0.9284,84,Ba,90,naive
1.6778,2.3097,42,Ba,90,naive
1.9016,0.4944,43,Ba,90,naive
2.1253,0.8854,25,Ba,90,naive
2.349,0.8117,9,Ba,90,naive
2.5727,,0,Ba,90,naive
0.074,0.2434,59,Ba,90,comparable
0.222,0.6761,17,Ba,90,comparable
0.37,3.8822,24,Ba,90,comparable
0.518,4.1494,6,Ba,90,comparable
0.666,0.4848,63,Ba,90,comparable
0.814,0.7227,177,Ba,90,comparable
0.962,1.0063,76,Ba,90,comparable
1.11,2.1049,66,Ba,90,comparable
0.1119,0.4444,105,Ba,135,naive
0.3356,0.5344,54,Ba,135,naive
0.5593,2.7871,29,Ba,135,naive
0.783,3.1344,56,Ba,135,naive
1.0067,2.6959,103,Ba,135,naive
1.2304,1.5255,67,Ba,135,naive
1.4541,0.2732,28,Ba,135,naive
1.6778,5.2309,3,Ba,135,naive
1.9016,4.3811,7,Ba,135,naive
2.1253,1.6124,24,Ba,135,naive
2.349,1.8057,48,Ba,135,naive
2.5727,1.5246,74,Ba,135,naive
0.074,0.4479,69,Ba,135,comparable
0.222,0.3723,51,Ba,135,comparable
0.37,0.6571,39,Ba,135,comparable
0.518,1.2454,16,Ba,135,comparable
0.666,3.5036,43,Ba,135,comparable
0.814,3.2989,26,Ba,135,comparable
0.962,2.6142,61,Ba,135,comparable
1.11,2.7529,55,Ba,135,comparable
