analyte,statistic,observed,replicated_mean,rep_ci95_low,rep_ci95_high,p_bayes,compatible
Hg,median_log,4.1047,4.0336,3.6528,4.4235,0.3567,True
Hg,sd_log,1.7998,1.7897,1.5645,2.0534,0.4767,True
Hg,max_log,7.0716,7.9901,6.9563,9.2328,0.9533,True
Hg,pct_censored,0.0,0.0,0.0,0.0,1.0,False
Pb,median_log,5.9558,5.8709,5.5146,6.2158,0.3317,True
Pb,sd_log,1.7928,1.7936,1.6186,1.9885,0.4933,True
Pb,max_log,10.9682,10.2172,9.3049,11.3958,0.0767,True
Pb,pct_censored,0.0,0.0,0.0,0.0,1.0,False
As,median_log,4.5109,4.5691,4.3329,4.8138,0.6717,True
As,sd_log,1.1093,1.1075,0.9706,1.2544,0.48,True
As,max_log,7.4559,7.4304,6.7819,8.3587,0.4383,True
As,pct_censored,0.0,0.0,0.0,0.0,1.0,False
Ba,median_log,5.5139,5.4943,5.2725,5.7192,0.43,True
Ba,sd_log,1.3169,1.3159,1.1897,1.4546,0.4783,True
Ba,max_log,8.5562,8.4089,7.8207,9.1869,0.3067,True
Ba,pct_censored,0.0,0.0,0.0,0.0,1.0,False
Cd,median_log,1.9459,1.6853,1.2556,2.202,0.145,True
Cd,sd_log,0.6372,0.8779,0.5614,1.266,0.92,True
Cd,max_log,3.8373,4.1905,2.8641,6.1739,0.6417,True
Cd,pct_censored,79.8246,76.6155,67.5439,84.2105,0.27,True
