rank,easting,northing,lon,lat,cumulative_sd_reduction_pct
1,502503.0,8581059.0,-74.976934,-12.835468,3.49
2,502853.0,8582459.0,-74.973709,-12.822808,5.39
3,504903.0,8583309.0,-74.95482,-12.815119,7.2
4,502503.0,8580009.0,-74.976933,-12.844963,8.77
5,502253.0,8581809.0,-74.979238,-12.828686,10.09
6,504303.0,8583009.0,-74.960348,-12.817833,11.26
7,503003.0,8583059.0,-74.972328,-12.817382,12.23
8,502853.0,8580009.0,-74.973707,-12.844963,13.16
9,504953.0,8579659.0,-74.954353,-12.848125,14.04
10,504953.0,8582809.0,-74.954358,-12.81964,14.86
11,502203.0,8580209.0,-74.979698,-12.843155,15.64
12,502753.0,8581709.0,-74.97463,-12.82959,16.39
13,505053.0,8584609.0,-74.95344,-12.803363,17.13
14,503153.0,8584359.0,-74.970947,-12.805626,17.82
15,502253.0,8582509.0,-74.979238,-12.822356,18.47
16,504203.0,8582959.0,-74.96127,-12.818285,19.11
17,502203.0,8585109.0,-74.979701,-12.798845,19.73
18,503153.0,8582259.0,-74.970945,-12.824616,20.3
19,504403.0,8579559.0,-74.959422,-12.84903,20.86
20,504603.0,8583159.0,-74.957584,-12.816476,21.4
