analyte,stratum,n,pct_censored,gm_quantified,median_quantified,max_quantified,sd_log,pct_above_eca
Hg,background,30,0.0,17.859,30.945,208.9,1.554,70.0
Hg,potential_interest,80,0.0,72.379,105.3,1178.0,1.766,90.0
Hg,all,114,0.0,50.872,60.625,1178.0,1.8,85.088
Pb,background,30,0.0,62.319,60.5,689.0,0.722,40.0
Pb,potential_interest,80,0.0,778.332,646.5,58000.0,1.593,92.5
Pb,all,114,0.0,401.95,386.0,58000.0,1.793,78.947
As,background,30,0.0,46.061,40.85,137.3,0.442,30.0
As,potential_interest,80,0.0,141.92,158.65,1730.0,1.11,83.75
As,all,114,0.0,108.118,91.0,1730.0,1.109,70.175
Ba,background,30,0.0,80.491,128.75,258.1,0.992,0.0
Ba,potential_interest,80,0.0,335.638,293.3,2806.0,1.175,27.5
Ba,all,114,0.0,240.383,248.15,5199.0,1.317,21.053
Cd,background,30,100.0,,,,,0.0
Cd,potential_interest,80,76.25,8.986,7.0,46.4,0.579,23.75
Cd,all,114,79.825,8.802,7.0,46.4,0.637,20.175
Co,background,30,46.667,10.274,11.2,15.0,0.21,
Co,potential_interest,80,36.25,11.721,13.3,75.2,0.807,
Co,all,114,37.719,11.495,11.9,75.2,0.741,
Sb,background,30,100.0,,,,,
Sb,potential_interest,80,70.0,169.485,202.45,3170.0,1.16,
Sb,all,114,76.316,137.927,188.8,3170.0,1.245,
Ag,background,30,100.0,,,,,
Ag,potential_interest,80,71.25,10.954,12.9,148.2,1.234,
Ag,all,114,78.07,10.252,11.2,148.2,1.207,
Bi,background,30,100.0,,,,,
Bi,potential_interest,80,77.5,62.643,51.85,223.4,0.735,
Bi,all,114,84.211,62.643,51.85,223.4,0.735,
Ni,background,30,100.0,,,,,
Ni,potential_interest,80,93.75,40.667,51.0,211.0,1.118,
Ni,all,114,92.982,44.578,50.0,211.0,1.003,
