analyte,model,nugget,sill,effective_range_km,nugget_ratio,rmse
Hg,exponential,0.0,3.9068,2.6841,0.0,1.2079
Hg,spherical,0.5806,3.3432,2.6841,0.1737,1.1661
Hg,matern,1.0617,2.8865,2.6841,0.3678,1.1826
Pb,exponential,0.0,3.7985,1.7494,0.0,1.4346
Pb,spherical,0.0255,3.7907,1.6556,0.0067,1.3686
Pb,matern,0.5997,3.1874,1.5898,0.1881,1.3971
As,exponential,0.0,1.2714,0.856,0.0,0.4133
As,spherical,0.0,1.2679,0.7577,0.0,0.3937
As,matern,0.0,1.2731,0.7141,0.0,0.3938
Ba,exponential,0.0,1.8919,1.2772,0.0,0.9194
Ba,spherical,0.0373,1.9104,1.4327,0.0195,0.897
Ba,matern,0.0137,1.8827,1.0953,0.0073,0.9008
