run_id,figure,issue,detail
F4-20260923,FIG13_background_and_city,indice-matematico,5.6 pt en 5 bloques de texto (minimo 8.0 pt)
F4-20260923,FIG14_monitoring_design,indice-matematico,5.6 pt en 2 bloques de texto (minimo 8.0 pt)
F4-20260923,FIG16_site_map_versionC_osm,tipografia-bajo-minimo,5.0 pt en 1 bloques de texto (minimo 8.0 pt)
F4-20260923,FIG17_As_mean_and_uncertainty,indice-matematico,5.6 pt en 9 bloques de texto (minimo 8.0 pt)
F4-20260923,FIG17_Ba_mean_and_uncertainty,indice-matematico,5.6 pt en 3 bloques de texto (minimo 8.0 pt)
F4-20260923,FIG17_Cd_mean_and_uncertainty,indice-matematico,5.6 pt en 4 bloques de texto (minimo 8.0 pt)
F4-20260923,FIG17_Hg_mean_and_uncertainty,indice-matematico,5.6 pt en 4 bloques de texto (minimo 8.0 pt)
F4-20260923,FIG17_Pb_mean_and_uncertainty,indice-matematico,5.6 pt en 3 bloques de texto (minimo 8.0 pt)
F4-20260923,FIG18_As_exceedance,indice-matematico,5.6 pt en 1 bloques de texto (minimo 8.0 pt)
F4-20260923,FIG18_Ba_exceedance,indice-matematico,5.6 pt en 1 bloques de texto (minimo 8.0 pt)
F4-20260923,FIG18_Cd_exceedance,indice-matematico,5.6 pt en 1 bloques de texto (minimo 8.0 pt)
F4-20260923,FIG18_Cd_exceedance_residential,indice-matematico,5.6 pt en 1 bloques de texto (minimo 8.0 pt)
F4-20260923,FIG18_Hg_exceedance,indice-matematico,5.6 pt en 1 bloques de texto (minimo 8.0 pt)
F4-20260923,FIG18_Pb_exceedance,indice-matematico,5.6 pt en 1 bloques de texto (minimo 8.0 pt)
F4-20260923,FIG1_sampling_design_and_mercury,indice-matematico,5.6 pt en 3 bloques de texto (minimo 8.0 pt)
F4-20260923,FIG21_prior_sensitivity,indice-matematico,5.6 pt en 1 bloques de texto (minimo 8.0 pt)
F4-20260923,FIG23_red_bayesiana,indice-matematico,5.6 pt en 2 bloques de texto (minimo 8.0 pt)
F4-20260923,FIG25_mezcla_poblaciones,indice-matematico,5.6 pt en 1 bloques de texto (minimo 8.0 pt)
F4-20260923,FIG27_censura_espacial,indice-matematico,7.0 pt en 12 bloques de texto (minimo 8.0 pt)
F4-20260923,FIG2_As_log_distribution,indice-matematico,5.6 pt en 1 bloques de texto (minimo 8.0 pt)
F4-20260923,FIG2_Ba_log_distribution,indice-matematico,5.6 pt en 1 bloques de texto (minimo 8.0 pt)
F4-20260923,FIG2_Cd_log_distribution,indice-matematico,5.6 pt en 1 bloques de texto (minimo 8.0 pt)
F4-20260923,FIG2_Hg_log_distribution,indice-matematico,5.6 pt en 1 bloques de texto (minimo 8.0 pt)
F4-20260923,FIG2_Pb_log_distribution,indice-matematico,5.6 pt en 1 bloques de texto (minimo 8.0 pt)
F4-20260923,FIG2_Sb_log_distribution,indice-matematico,5.6 pt en 1 bloques de texto (minimo 8.0 pt)
F4-20260923,FIG30_plate_diagram,indice-matematico,5.6 pt en 3 bloques de texto (minimo 8.0 pt)
F4-20260923,FIG34_cd_coregionalizado_gonogo,indice-matematico,5.6 pt en 5 bloques de texto (minimo 8.0 pt)
F4-20260923,FIG4_variograms,indice-matematico,5.6 pt en 8 bloques de texto (minimo 8.0 pt)
F4-20260923,FIG5b_prior_predictive_concentrations,indice-matematico,5.6 pt en 4 bloques de texto (minimo 8.0 pt)
F4-20260923,FIG7_stratum_support,indice-matematico,5.6 pt en 2 bloques de texto (minimo 8.0 pt)
F4-20260923,FIG8_prior_posterior,indice-matematico,5.6 pt en 1 bloques de texto (minimo 8.0 pt)
F4-20260923,FIG9_As_crps,indice-matematico,5.6 pt en 1 bloques de texto (minimo 8.0 pt)
F4-20260923,FIG9_Hg_crps,indice-matematico,5.6 pt en 1 bloques de texto (minimo 8.0 pt)
F4-20260923,FIG9_Pb_crps,indice-matematico,5.6 pt en 1 bloques de texto (minimo 8.0 pt)
