run_id,analyte,cost_ratio_FN_to_FP,threshold,pct_domain_declared,bayes_risk_optimal,bayes_risk_at_0.5,risk_penalty_of_using_0.5
F3-20260908,Hg,1,0.5,99.76968,0.04175,0.04175,0.0
F3-20260908,Hg,2,0.33333,99.95936,0.04205,0.0427,0.00065
F3-20260908,Hg,5,0.16667,100.0,0.04214,0.04557,0.00343
F3-20260908,Hg,10,0.09091,100.0,0.04214,0.05034,0.0082
F3-20260908,Hg,20,0.04762,100.0,0.04214,0.0599,0.01776
F3-20260908,Pb,1,0.5,98.65872,0.15843,0.15843,0.0
F3-20260908,Pb,2,0.33333,99.6071,0.16063,0.16373,0.0031
F3-20260908,Pb,5,0.16667,100.0,0.16124,0.17964,0.0184
F3-20260908,Pb,10,0.09091,100.0,0.16124,0.20614,0.04491
F3-20260908,Pb,20,0.04762,100.0,0.16124,0.25916,0.09792
F3-20260908,As,1,0.5,92.15553,0.26793,0.26793,0.0
F3-20260908,As,2,0.33333,98.11679,0.28181,0.2988,0.01699
F3-20260908,As,5,0.16667,100.0,0.28464,0.3914,0.10677
F3-20260908,As,10,0.09091,100.0,0.28464,0.54575,0.26111
F3-20260908,As,20,0.04762,100.0,0.28464,0.85443,0.56979
F3-20260908,Ba,1,0.5,15.5128,0.2116,0.2116,0.0
F3-20260908,Ba,2,0.33333,26.81209,0.35434,0.37654,0.0222
F3-20260908,Ba,5,0.16667,61.17057,0.55087,0.87136,0.32049
F3-20260908,Ba,10,0.09091,82.0756,0.63432,1.69606,1.06174
F3-20260908,Ba,20,0.04762,90.61103,0.67136,3.34546,2.6741
F3-20260908,Cd,1,0.5,57.40415,0.29419,0.29419,0.0
F3-20260908,Cd,2,0.33333,74.9221,0.37654,0.42006,0.04352
F3-20260908,Cd,5,0.16667,92.30457,0.44567,0.79768,0.35201
F3-20260908,Cd,10,0.09091,98.06259,0.46479,1.42705,0.96225
F3-20260908,Cd,20,0.04762,99.94581,0.46837,2.68577,2.2174
