metal,level,replicate,block,model,rmse,crps,rmse_cheap,crps_cheap
Hg,0.2,6,1,ordinary kriging L/2,1.11364,0.67744,1.11253,0.67779
Hg,0.2,6,1,censored GP,0.97818,0.59458,0.95385,0.5909
Hg,0.2,6,1,GP with L/2,0.97282,0.59535,0.9892,0.60254
Hg,0.4,8,3,ordinary kriging L/2,2.86977,1.94435,2.87114,1.94436
Hg,0.4,8,3,censored GP,2.3711,1.51439,2.29744,1.4634
Hg,0.4,8,3,GP with L/2,2.26351,1.43137,2.3,1.4723
Hg,0.6,8,3,ordinary kriging L/2,3.11929,2.24483,3.11663,2.24662
Hg,0.6,8,3,censored GP,2.45845,1.62423,2.47241,1.64104
Hg,0.6,8,3,GP with L/2,2.32601,1.60173,2.35117,1.6133
Hg,0.8,4,4,ordinary kriging L/2,1.81306,1.25114,1.80331,1.25107
Hg,0.8,4,4,censored GP,1.83363,1.20234,1.82481,1.20193
Hg,0.8,4,4,GP with L/2,1.82101,1.30779,1.8175,1.3102
Pb,0.2,5,0,ordinary kriging L/2,2.74638,1.79595,2.75456,1.79709
Pb,0.2,5,0,censored GP,2.13499,1.29266,2.16267,1.31073
Pb,0.2,5,0,GP with L/2,2.42836,1.52322,2.45268,1.54753
Pb,0.4,7,2,ordinary kriging L/2,1.0711,0.63062,1.06032,0.618
Pb,0.4,7,2,censored GP,1.12221,0.67293,1.12887,0.66862
Pb,0.4,7,2,GP with L/2,1.3226,0.75316,1.32443,0.75674
Pb,0.6,2,2,ordinary kriging L/2,1.10274,0.63171,1.13288,0.64519
Pb,0.6,2,2,censored GP,1.1628,0.69331,1.19987,0.70901
Pb,0.6,2,2,GP with L/2,1.19959,0.66722,1.21416,0.67094
Pb,0.8,7,2,ordinary kriging L/2,1.27917,0.73615,1.30296,0.74173
Pb,0.8,7,2,censored GP,1.23227,0.67512,1.23524,0.67131
Pb,0.8,7,2,GP with L/2,1.19064,0.67139,1.19318,0.67539
As,0.2,3,3,ordinary kriging L/2,1.46213,0.91022,1.45148,0.90176
As,0.2,3,3,censored GP,1.51283,0.92704,1.50708,0.92558
As,0.2,3,3,GP with L/2,1.48732,0.90639,1.46293,0.88696
As,0.4,2,2,ordinary kriging L/2,1.09065,0.6155,1.12104,0.64005
As,0.4,2,2,censored GP,1.06148,0.60485,1.06227,0.61008
As,0.4,2,2,GP with L/2,1.12825,0.63123,1.13569,0.64886
As,0.6,8,3,ordinary kriging L/2,1.5241,1.00983,1.52578,1.01361
As,0.6,8,3,censored GP,1.56159,0.95476,1.54735,0.94363
As,0.6,8,3,GP with L/2,1.47772,0.94327,1.48127,0.94435
As,0.8,9,4,ordinary kriging L/2,1.05359,0.64157,1.03632,0.62622
As,0.8,9,4,censored GP,0.88221,0.50839,0.88836,0.51255
As,0.8,9,4,GP with L/2,1.00751,0.6002,1.00006,0.59984
