point_name,easting,northing,feature_type,description
BY-01,503669,8580120,outcrop_adit,"Parte superior de la desmontera DY-01, al costado del acceso principal al sector Yanamina -laguna Suytococha"
BY-06,504628,8581309,outcrop_adit,"A 400 m del acceso principal a Yanamina, paraje Cumallipata"
BY-04,503308,8580753,outcrop_adit,"Parte superior de la desmontera DY-12, sector Yanamina"
BSB-09,502743,8584827,outcrop_adit,"Costado del acceso al mirador de Huancavelica - espalda del campamento de El Brocal, sector Santa Bárbara"
BSB-10,502732,8584502,outcrop_adit,"Costado del acceso principal a la UM Santa Bárbara, sector Santa Bárbara"
DY-06,503739,8580221,waste_dump,"Punto de muestreo ubicado en el botadero de desmonte DY-06 , 150 metros al este de la laguna Suytococha, sector Yanamina"
DY-09,503655,8580575,waste_dump,"Punto de muestreo ubicado en el botadero de desmonte DY-09, sector Yanamina"
DY-12,503289,8580777,waste_dump,"Punto de muestreo ubicado en el botadero de desmonte DY-12, sector Yanamina"
DY-18,503747,8581565,waste_dump,"Punto de muestreo ubicado en el botadero de desmonte DY-18, sector Yanamina"
DY-13,504354,8580754,waste_dump,"Punto de muestreo ubicado en el botadero de desmonte DY-13, sector Yanamina"
DY-14,504297,8580772,waste_dump,"Punto de muestreo ubicado en el botadero de desmonte DY-14, sector Yanamina."
DY-15,504614,8581304,waste_dump,"Punto de muestreo ubicado en el botadero de desmonte DY-15, sector Yanamina"
DY-04,503804,8580095,waste_dump,"Punto de muestreo ubicado en el botadero de desmonte DY-04, sector Yanamina"
DY-05,503779,8580123,waste_dump,"Punto de muestreo ubicado en el botadero de desmonte DY-05, sector Yanamina"
DSN,503727,8579836,waste_dump,"Punto de muestreo ubicado en un botadero de desmonte sin nombre, al sur de la laguna Suytococha, sector Yanamina"
RELAV1,502480,8583949,waste_dump,"Punto de muestreo ubicado en la parte baja del depósito de relaves Santa Bárbara, sector Santa Bárbara"
RELAV2,502597,8583907,waste_dump,"Punto de muestreo ubicado en la parte alta del depósito de relaves Santa Bárbara, sector Santa Bárbara"
DSB-7,502723,8584497,waste_dump,"Punto de muestreo ubicado en el botadero de desmonte DSB-7, sector Santa Bárbara"
DSB-12,503531,8583487,waste_dump,"Punto de muestreo ubicado en el botadero de desmonte DSB-12, sector Santa Bárbara"
D2-1,503800,8584184,waste_dump,"Punto de muestreo ubicado en la parte este de la Desmontera 2, sector Santa Bárbara"
D2-2,503562,8584459,waste_dump,"Punto de muestreo ubicado en la parte oeste de la Desmontera 2, sector Santa Bárbara"
